previewURL,pageURL,likes,views,downloads,comments,popularity,total_downloads_count,image_filter
https://cdn.pixabay.com/photo/2019/10/11/16/56/cat-4542301_150.jpg,https://pixabay.com/photos/cat-yawns-yawning-sleepy-to-yawn-4542301/,267,68788,52694,40,More Popular Images,High Downloads Count,sleepy animal that is not a dog
https://cdn.pixabay.com/photo/2018/03/25/09/57/cat-3258931_150.jpg,https://pixabay.com/photos/cat-pet-animal-yawn-tired-sleep-3258931/,212,57524,41120,22,More Popular Images,High Downloads Count,sleepy animal that is not a dog
https://cdn.pixabay.com/photo/2021/09/28/13/14/cat-6664412_150.jpg,https://pixabay.com/photos/cat-sleepy-pet-animal-feline-cat-6664412/,225,31068,14570,28,More Popular Images,High Downloads Count,sleepy animal that is not a dog
https://cdn.pixabay.com/photo/2017/05/05/22/28/kitten-2288404_150.jpg,https://pixabay.com/photos/kitten-cat-small-cat-kitty-cute-2288404/,312,52838,25576,46,More Popular Images,High Downloads Count,sleepy animal that is not a dog
https://cdn.pixabay.com/photo/2018/08/06/23/05/cat-3588643_150.jpg,https://pixabay.com/photos/cat-breed-cat-kitten-cat-face-3588643/,38,4187,2903,33,Less Popular Images,Low Downloads Count,sleepy animal that is not a dog
https://cdn.pixabay.com/photo/2015/06/19/14/20/cat-814952_150.jpg,https://pixabay.com/photos/cat-tired-yawn-stretch-814952/,449,137241,89066,51,More Popular Images,High Downloads Count,sleepy animal that is not a dog
https://cdn.pixabay.com/photo/2018/07/28/16/15/cat-3568383_150.jpg,https://pixabay.com/photos/cat-animal-fluffy-grey-sleep-wild-3568383/,51,4119,2408,24,Less Popular Images,Low Downloads Count,sleepy animal that is not a dog
https://cdn.pixabay.com/photo/2016/11/29/13/52/cat-1870003_150.jpg,https://pixabay.com/photos/cat-sleepy-tired-asleep-tabby-1870003/,125,52712,39344,15,More Popular Images,High Downloads Count,sleepy animal that is not a dog
https://cdn.pixabay.com/photo/2018/12/10/10/20/animal-3866599_150.jpg,https://pixabay.com/photos/animal-stroll-promenade-cat-3866599/,50,6743,4681,35,More Popular Images,Low Downloads Count,sleepy animal that is not a dog
https://cdn.pixabay.com/photo/2018/08/24/14/23/cat-3628045_150.jpg,https://pixabay.com/photos/cat-tricolor-lucky-cat-domestic-cat-3628045/,80,7666,4093,30,More Popular Images,Low Downloads Count,sleepy animal that is not a dog
https://cdn.pixabay.com/photo/2016/08/10/22/59/cat-1584543_150.jpg,https://pixabay.com/photos/cat-kitten-pets-tabby-cat-1584543/,36,6783,4106,1,More Popular Images,Low Downloads Count,sleepy animal that is not a dog
https://cdn.pixabay.com/photo/2017/03/27/16/35/dog-2179590_150.jpg,https://pixabay.com/photos/dog-weary-portrait-animal-2179590/,42,7613,3741,13,More Popular Images,Low Downloads Count,sleepy dog
https://cdn.pixabay.com/photo/2015/12/15/18/36/cat-1094712_150.jpg,https://pixabay.com/photos/cat-kitten-peaceful-relax-sleepy-1094712/,28,4609,2769,2,Less Popular Images,Low Downloads Count,sleepy animal that is not a dog
https://cdn.pixabay.com/photo/2020/04/04/14/25/cat-5002483_150.jpg,https://pixabay.com/photos/cat-weary-sleep-sleepy-cute-5002483/,34,4184,2929,5,Less Popular Images,Low Downloads Count,sleepy animal that is not a dog
https://cdn.pixabay.com/photo/2022/06/02/00/04/dog-7236774_150.jpg,https://pixabay.com/photos/dog-pet-baby-cute-sleepy-tired-7236774/,124,29372,22749,25,More Popular Images,High Downloads Count,sleepy dog
https://cdn.pixabay.com/photo/2018/06/24/12/18/puppies-3494447_150.jpg,https://pixabay.com/photos/puppies-dog-animal-pet-puppy-cute-3494447/,46,8231,4758,7,More Popular Images,Low Downloads Count,sleepy dog
https://cdn.pixabay.com/photo/2015/07/17/03/37/dog-848390_150.jpg,https://pixabay.com/photos/dog-sleeping-resting-rest-canine-848390/,161,40833,22902,30,More Popular Images,High Downloads Count,sleepy dog
https://cdn.pixabay.com/photo/2013/07/27/09/24/cats-168144_150.jpg,https://pixabay.com/photos/cats-sleepy-kitten-animals-mammals-168144/,21,9799,3442,3,Less Popular Images,Low Downloads Count,sleepy animal that is not a dog
https://cdn.pixabay.com/photo/2016/08/19/23/53/dog-1606600_150.jpg,https://pixabay.com/photos/dog-cavalier-king-charles-spaniel-1606600/,170,110385,52219,28,More Popular Images,High Downloads Count,sleepy dog
https://cdn.pixabay.com/photo/2019/01/17/14/05/cat-3937880_150.jpg,https://pixabay.com/photos/cat-hair-animal-mustache-sleepy-3937880/,142,28008,21076,68,More Popular Images,High Downloads Count,sleepy animal that is not a dog
https://cdn.pixabay.com/photo/2015/03/27/14/30/baby-694764_150.jpg,https://pixabay.com/photos/baby-dog-beagle-sleeping-couch-694764/,39,11987,6760,5,More Popular Images,High Downloads Count,sleepy dog
https://cdn.pixabay.com/photo/2014/10/13/12/58/puppy-486744_150.jpg,https://pixabay.com/photos/puppy-cute-close-up-sleepy-tired-486744/,24,5215,2270,1,Less Popular Images,Low Downloads Count,sleepy animal that is not a dog
https://cdn.pixabay.com/photo/2012/11/06/22/01/dog-64473_150.jpg,https://pixabay.com/photos/dog-young-weary-sleepy-cute-64473/,9,7395,668,2,Less Popular Images,Low Downloads Count,sleepy dog
https://cdn.pixabay.com/photo/2023/04/09/10/32/seagull-7911239_150.jpg,https://pixabay.com/photos/seagull-bird-silver-gull-gull-7911239/,133,44436,42267,80,More Popular Images,High Downloads Count,sleepy animal that is not a dog
https://cdn.pixabay.com/photo/2016/01/08/06/08/cat-1127194_150.jpg,https://pixabay.com/photos/cat-tabby-kitty-feline-animal-1127194/,41,6981,3810,1,More Popular Images,Low Downloads Count,sleepy animal that is not a dog
https://cdn.pixabay.com/photo/2017/09/16/01/38/sleeping-cat-2754329_150.jpg,https://pixabay.com/photos/sleeping-cat-kitten-kitty-sleepy-2754329/,31,6801,2959,2,More Popular Images,Low Downloads Count,sleepy animal that is not a dog
https://cdn.pixabay.com/photo/2015/03/27/07/09/cat-694407_150.jpg,https://pixabay.com/photos/cat-animal-cat-portrait-694407/,64,8652,4560,7,More Popular Images,Low Downloads Count,sleepy animal that is not a dog
https://cdn.pixabay.com/photo/2019/01/04/22/22/cats-3914203_150.jpg,https://pixabay.com/photos/cats-tricolor-cat-fur-hairy-old-3914203/,41,4402,2505,41,Less Popular Images,Low Downloads Count,sleepy animal that is not a dog
https://cdn.pixabay.com/photo/2010/11/30/dog-582_150.jpg,https://pixabay.com/photos/dog-shepherd-dog-animal-relax-582/,10,6639,679,2,Less Popular Images,Low Downloads Count,sleepy dog
https://cdn.pixabay.com/photo/2018/10/23/22/10/team-3769146_150.jpg,https://pixabay.com/photos/team-horse-haflinger-bridle-3769146/,53,6377,3819,32,More Popular Images,Low Downloads Count,sleepy animal that is not a dog
https://cdn.pixabay.com/photo/2017/10/10/21/10/cat-2838801_150.jpg,https://pixabay.com/photos/cat-animal-domestic-animal-2838801/,47,7521,3961,15,More Popular Images,Low Downloads Count,sleepy animal that is not a dog
https://cdn.pixabay.com/photo/2015/09/25/21/30/dogs-958216_150.jpg,https://pixabay.com/photos/dogs-pets-puppy-sleepy-lazy-drool-958216/,19,5100,2471,3,Less Popular Images,Low Downloads Count,sleepy dog
https://cdn.pixabay.com/photo/2013/08/11/23/12/yorkshire-terrier-171701_150.jpg,https://pixabay.com/photos/yorkshire-terrier-dog-yorkie-171701/,62,74984,10453,15,More Popular Images,High Downloads Count,sleepy dog
https://cdn.pixabay.com/photo/2017/07/07/08/52/cat-2480778_150.jpg,https://pixabay.com/photos/cat-russian-blue-kitty-kitten-soft-2480778/,22,6880,4150,0,Less Popular Images,Low Downloads Count,sleepy animal that is not a dog
https://cdn.pixabay.com/photo/2018/02/08/16/09/dog-3139757_150.jpg,https://pixabay.com/photos/dog-animal-cute-pet-canine-husky-3139757/,118,39046,25308,11,More Popular Images,High Downloads Count,sleepy dog
https://cdn.pixabay.com/photo/2017/07/07/08/52/cat-2480777_150.jpg,https://pixabay.com/photos/cat-russian-blue-kitty-kitten-soft-2480777/,20,6300,4128,0,Less Popular Images,Low Downloads Count,sleepy animal that is not a dog
https://cdn.pixabay.com/photo/2015/05/31/11/00/puppy-791079_150.jpg,https://pixabay.com/photos/puppy-dog-pet-pets-yawn-yawning-791079/,12,9893,3266,3,Less Popular Images,Low Downloads Count,sleepy dog
https://cdn.pixabay.com/photo/2012/02/28/15/44/kangaroo-18450_150.jpg,https://pixabay.com/photos/kangaroo-zoo-australia-animal-cute-18450/,11,4713,1092,1,Less Popular Images,Low Downloads Count,sleepy animal that is not a dog
https://cdn.pixabay.com/photo/2017/07/07/08/52/cat-2480773_150.jpg,https://pixabay.com/photos/cat-russian-blue-kitty-kitten-soft-2480773/,11,4380,2634,0,Less Popular Images,Low Downloads Count,sleepy animal that is not a dog
https://cdn.pixabay.com/photo/2021/06/04/04/39/dog-6308702_150.jpg,https://pixabay.com/photos/dog-sleeping-puppy-asleep-face-6308702/,11,7630,7487,3,Less Popular Images,High Downloads Count,sleepy dog
https://cdn.pixabay.com/photo/2021/01/28/08/51/raccoon-5957390_150.jpg,https://pixabay.com/photos/raccoon-asleep-tree-branches-sleep-5957390/,8,7817,7377,1,Less Popular Images,High Downloads Count,sleepy animal that is not a dog
https://cdn.pixabay.com/photo/2018/09/19/05/17/cat-3687845_150.jpg,https://pixabay.com/photos/cat-thick-fat-small-head-body-3687845/,23,5248,3721,3,Less Popular Images,Low Downloads Count,sleepy animal that is not a dog
https://cdn.pixabay.com/photo/2013/08/18/14/51/dog-173720_150.jpg,https://pixabay.com/photos/dog-animal-weary-sleepy-cute-173720/,59,21810,11748,8,More Popular Images,High Downloads Count,sleepy dog
https://cdn.pixabay.com/photo/2018/09/29/04/02/skunk-3710721_150.jpg,https://pixabay.com/photos/skunk-nature-animals-flora-fur-3710721/,16,5062,3045,0,Less Popular Images,Low Downloads Count,sleepy animal that is not a dog
https://cdn.pixabay.com/photo/2018/09/25/03/52/dog-3701377_150.jpg,https://pixabay.com/photos/dog-french-bulldog-domestic-animal-3701377/,62,11564,6380,25,More Popular Images,High Downloads Count,sleepy dog
https://cdn.pixabay.com/photo/2013/10/03/15/11/dog-190292_150.jpg,https://pixabay.com/photos/dog-beagle-sleeping-resting-puppy-190292/,16,8677,3663,4,Less Popular Images,Low Downloads Count,sleepy dog
https://cdn.pixabay.com/photo/2016/12/09/14/33/cat-1894968_150.jpg,https://pixabay.com/photos/cat-sacred-birman-animal-breed-cat-1894968/,48,6041,2725,3,More Popular Images,Low Downloads Count,sleepy animal that is not a dog
https://cdn.pixabay.com/photo/2013/09/25/13/50/dog-186233_150.jpg,https://pixabay.com/photos/dog-white-face-eyes-portrait-fur-186233/,11,6542,1278,2,Less Popular Images,Low Downloads Count,sleepy dog
https://cdn.pixabay.com/photo/2020/04/16/02/03/musings-5048777_150.jpg,https://pixabay.com/photos/pensive-cat-mustache-hair-sleeping-5048777/,37,7011,5900,31,More Popular Images,High Downloads Count,sleepy animal that is not a dog
https://cdn.pixabay.com/photo/2017/09/23/11/22/dog-2778531_150.jpg,https://pixabay.com/photos/dog-sleepy-animal-sleep-mode-2778531/,55,8242,5752,5,More Popular Images,High Downloads Count,sleepy dog
https://cdn.pixabay.com/photo/2016/02/27/15/46/cat-1225760_150.jpg,https://pixabay.com/photos/cat-peaceful-relax-eye-mustache-1225760/,37,7154,4926,5,More Popular Images,Low Downloads Count,sleepy animal that is not a dog
https://cdn.pixabay.com/photo/2018/02/21/18/24/cat-3171125_150.jpg,https://pixabay.com/photos/cat-grumpy-bad-mood-to-disturb-3171125/,36,4495,3133,18,Less Popular Images,Low Downloads Count,sleepy animal that is not a dog
